日付,コンテンツ,動画のタイトル,動画公開時刻,長さ,視聴回数
2026-04-02,1cbIEhQVtoE,会社にあるもので10連続把持チャレンジ！#柔軟指 #ロボット #自動化 #製造業をもっと盛り上げたい,"Apr 27, 2026",24,0
2026-04-03,1cbIEhQVtoE,会社にあるもので10連続把持チャレンジ！#柔軟指 #ロボット #自動化 #製造業をもっと盛り上げたい,"Apr 27, 2026",24,0
2026-04-04,1cbIEhQVtoE,会社にあるもので10連続把持チャレンジ！#柔軟指 #ロボット #自動化 #製造業をもっと盛り上げたい,"Apr 27, 2026",24,0
2026-04-05,1cbIEhQVtoE,会社にあるもので10連続把持チャレンジ！#柔軟指 #ロボット #自動化 #製造業をもっと盛り上げたい,"Apr 27, 2026",24,0
2026-04-06,1cbIEhQVtoE,会社にあるもので10連続把持チャレンジ！#柔軟指 #ロボット #自動化 #製造業をもっと盛り上げたい,"Apr 27, 2026",24,0
2026-04-07,1cbIEhQVtoE,会社にあるもので10連続把持チャレンジ！#柔軟指 #ロボット #自動化 #製造業をもっと盛り上げたい,"Apr 27, 2026",24,0
2026-04-08,1cbIEhQVtoE,会社にあるもので10連続把持チャレンジ！#柔軟指 #ロボット #自動化 #製造業をもっと盛り上げたい,"Apr 27, 2026",24,0
2026-04-09,1cbIEhQVtoE,会社にあるもので10連続把持チャレンジ！#柔軟指 #ロボット #自動化 #製造業をもっと盛り上げたい,"Apr 27, 2026",24,0
2026-04-10,1cbIEhQVtoE,会社にあるもので10連続把持チャレンジ！#柔軟指 #ロボット #自動化 #製造業をもっと盛り上げたい,"Apr 27, 2026",24,0
2026-04-11,1cbIEhQVtoE,会社にあるもので10連続把持チャレンジ！#柔軟指 #ロボット #自動化 #製造業をもっと盛り上げたい,"Apr 27, 2026",24,0
2026-04-12,1cbIEhQVtoE,会社にあるもので10連続把持チャレンジ！#柔軟指 #ロボット #自動化 #製造業をもっと盛り上げたい,"Apr 27, 2026",24,0
2026-04-13,1cbIEhQVtoE,会社にあるもので10連続把持チャレンジ！#柔軟指 #ロボット #自動化 #製造業をもっと盛り上げたい,"Apr 27, 2026",24,0
2026-04-14,1cbIEhQVtoE,会社にあるもので10連続把持チャレンジ！#柔軟指 #ロボット #自動化 #製造業をもっと盛り上げたい,"Apr 27, 2026",24,0
2026-04-15,1cbIEhQVtoE,会社にあるもので10連続把持チャレンジ！#柔軟指 #ロボット #自動化 #製造業をもっと盛り上げたい,"Apr 27, 2026",24,0
2026-04-16,1cbIEhQVtoE,会社にあるもので10連続把持チャレンジ！#柔軟指 #ロボット #自動化 #製造業をもっと盛り上げたい,"Apr 27, 2026",24,0
2026-04-17,1cbIEhQVtoE,会社にあるもので10連続把持チャレンジ！#柔軟指 #ロボット #自動化 #製造業をもっと盛り上げたい,"Apr 27, 2026",24,0
2026-04-18,1cbIEhQVtoE,会社にあるもので10連続把持チャレンジ！#柔軟指 #ロボット #自動化 #製造業をもっと盛り上げたい,"Apr 27, 2026",24,0
2026-04-19,1cbIEhQVtoE,会社にあるもので10連続把持チャレンジ！#柔軟指 #ロボット #自動化 #製造業をもっと盛り上げたい,"Apr 27, 2026",24,0
2026-04-20,1cbIEhQVtoE,会社にあるもので10連続把持チャレンジ！#柔軟指 #ロボット #自動化 #製造業をもっと盛り上げたい,"Apr 27, 2026",24,0
2026-04-21,1cbIEhQVtoE,会社にあるもので10連続把持チャレンジ！#柔軟指 #ロボット #自動化 #製造業をもっと盛り上げたい,"Apr 27, 2026",24,0
2026-04-22,1cbIEhQVtoE,会社にあるもので10連続把持チャレンジ！#柔軟指 #ロボット #自動化 #製造業をもっと盛り上げたい,"Apr 27, 2026",24,0
2026-04-23,1cbIEhQVtoE,会社にあるもので10連続把持チャレンジ！#柔軟指 #ロボット #自動化 #製造業をもっと盛り上げたい,"Apr 27, 2026",24,0
2026-04-24,1cbIEhQVtoE,会社にあるもので10連続把持チャレンジ！#柔軟指 #ロボット #自動化 #製造業をもっと盛り上げたい,"Apr 27, 2026",24,0
2026-04-25,1cbIEhQVtoE,会社にあるもので10連続把持チャレンジ！#柔軟指 #ロボット #自動化 #製造業をもっと盛り上げたい,"Apr 27, 2026",24,0
2026-04-26,1cbIEhQVtoE,会社にあるもので10連続把持チャレンジ！#柔軟指 #ロボット #自動化 #製造業をもっと盛り上げたい,"Apr 27, 2026",24,0
2026-04-27,1cbIEhQVtoE,会社にあるもので10連続把持チャレンジ！#柔軟指 #ロボット #自動化 #製造業をもっと盛り上げたい,"Apr 27, 2026",24,1703
2026-04-28,1cbIEhQVtoE,会社にあるもので10連続把持チャレンジ！#柔軟指 #ロボット #自動化 #製造業をもっと盛り上げたい,"Apr 27, 2026",24,2
2026-04-29,1cbIEhQVtoE,会社にあるもので10連続把持チャレンジ！#柔軟指 #ロボット #自動化 #製造業をもっと盛り上げたい,"Apr 27, 2026",24,4
2026-04-02,_smhaZZpo8k,【搬送チャレンジ】コイン10枚、柔軟指 vs 通常ハンドどっちが早い？#柔軟指 #ロボット  #自動化,"Apr 9, 2026",19,0
2026-04-03,_smhaZZpo8k,【搬送チャレンジ】コイン10枚、柔軟指 vs 通常ハンドどっちが早い？#柔軟指 #ロボット  #自動化,"Apr 9, 2026",19,0
2026-04-04,_smhaZZpo8k,【搬送チャレンジ】コイン10枚、柔軟指 vs 通常ハンドどっちが早い？#柔軟指 #ロボット  #自動化,"Apr 9, 2026",19,0
2026-04-05,_smhaZZpo8k,【搬送チャレンジ】コイン10枚、柔軟指 vs 通常ハンドどっちが早い？#柔軟指 #ロボット  #自動化,"Apr 9, 2026",19,0
2026-04-06,_smhaZZpo8k,【搬送チャレンジ】コイン10枚、柔軟指 vs 通常ハンドどっちが早い？#柔軟指 #ロボット  #自動化,"Apr 9, 2026",19,0
2026-04-07,_smhaZZpo8k,【搬送チャレンジ】コイン10枚、柔軟指 vs 通常ハンドどっちが早い？#柔軟指 #ロボット  #自動化,"Apr 9, 2026",19,0
2026-04-08,_smhaZZpo8k,【搬送チャレンジ】コイン10枚、柔軟指 vs 通常ハンドどっちが早い？#柔軟指 #ロボット  #自動化,"Apr 9, 2026",19,0
2026-04-09,_smhaZZpo8k,【搬送チャレンジ】コイン10枚、柔軟指 vs 通常ハンドどっちが早い？#柔軟指 #ロボット  #自動化,"Apr 9, 2026",19,2158
2026-04-10,_smhaZZpo8k,【搬送チャレンジ】コイン10枚、柔軟指 vs 通常ハンドどっちが早い？#柔軟指 #ロボット  #自動化,"Apr 9, 2026",19,4072
2026-04-11,_smhaZZpo8k,【搬送チャレンジ】コイン10枚、柔軟指 vs 通常ハンドどっちが早い？#柔軟指 #ロボット  #自動化,"Apr 9, 2026",19,1986
2026-04-12,_smhaZZpo8k,【搬送チャレンジ】コイン10枚、柔軟指 vs 通常ハンドどっちが早い？#柔軟指 #ロボット  #自動化,"Apr 9, 2026",19,738
2026-04-13,_smhaZZpo8k,【搬送チャレンジ】コイン10枚、柔軟指 vs 通常ハンドどっちが早い？#柔軟指 #ロボット  #自動化,"Apr 9, 2026",19,59
2026-04-14,_smhaZZpo8k,【搬送チャレンジ】コイン10枚、柔軟指 vs 通常ハンドどっちが早い？#柔軟指 #ロボット  #自動化,"Apr 9, 2026",19,190
2026-04-15,_smhaZZpo8k,【搬送チャレンジ】コイン10枚、柔軟指 vs 通常ハンドどっちが早い？#柔軟指 #ロボット  #自動化,"Apr 9, 2026",19,268
2026-04-16,_smhaZZpo8k,【搬送チャレンジ】コイン10枚、柔軟指 vs 通常ハンドどっちが早い？#柔軟指 #ロボット  #自動化,"Apr 9, 2026",19,225
2026-04-17,_smhaZZpo8k,【搬送チャレンジ】コイン10枚、柔軟指 vs 通常ハンドどっちが早い？#柔軟指 #ロボット  #自動化,"Apr 9, 2026",19,63
2026-04-18,_smhaZZpo8k,【搬送チャレンジ】コイン10枚、柔軟指 vs 通常ハンドどっちが早い？#柔軟指 #ロボット  #自動化,"Apr 9, 2026",19,18
2026-04-19,_smhaZZpo8k,【搬送チャレンジ】コイン10枚、柔軟指 vs 通常ハンドどっちが早い？#柔軟指 #ロボット  #自動化,"Apr 9, 2026",19,5
2026-04-20,_smhaZZpo8k,【搬送チャレンジ】コイン10枚、柔軟指 vs 通常ハンドどっちが早い？#柔軟指 #ロボット  #自動化,"Apr 9, 2026",19,2
2026-04-21,_smhaZZpo8k,【搬送チャレンジ】コイン10枚、柔軟指 vs 通常ハンドどっちが早い？#柔軟指 #ロボット  #自動化,"Apr 9, 2026",19,0
2026-04-22,_smhaZZpo8k,【搬送チャレンジ】コイン10枚、柔軟指 vs 通常ハンドどっちが早い？#柔軟指 #ロボット  #自動化,"Apr 9, 2026",19,2
2026-04-23,_smhaZZpo8k,【搬送チャレンジ】コイン10枚、柔軟指 vs 通常ハンドどっちが早い？#柔軟指 #ロボット  #自動化,"Apr 9, 2026",19,0
2026-04-24,_smhaZZpo8k,【搬送チャレンジ】コイン10枚、柔軟指 vs 通常ハンドどっちが早い？#柔軟指 #ロボット  #自動化,"Apr 9, 2026",19,0
2026-04-25,_smhaZZpo8k,【搬送チャレンジ】コイン10枚、柔軟指 vs 通常ハンドどっちが早い？#柔軟指 #ロボット  #自動化,"Apr 9, 2026",19,0
2026-04-26,_smhaZZpo8k,【搬送チャレンジ】コイン10枚、柔軟指 vs 通常ハンドどっちが早い？#柔軟指 #ロボット  #自動化,"Apr 9, 2026",19,1
2026-04-27,_smhaZZpo8k,【搬送チャレンジ】コイン10枚、柔軟指 vs 通常ハンドどっちが早い？#柔軟指 #ロボット  #自動化,"Apr 9, 2026",19,0
2026-04-28,_smhaZZpo8k,【搬送チャレンジ】コイン10枚、柔軟指 vs 通常ハンドどっちが早い？#柔軟指 #ロボット  #自動化,"Apr 9, 2026",19,0
2026-04-29,_smhaZZpo8k,【搬送チャレンジ】コイン10枚、柔軟指 vs 通常ハンドどっちが早い？#柔軟指 #ロボット  #自動化,"Apr 9, 2026",19,0
2026-04-02,gcgM4-JgN4Q,豆腐、柔軟指で掴んだらどうなる？#柔軟指 #ロボット #自動化 #製造業をもっと盛り上げたい,"Mar 31, 2026",15,2349
2026-04-03,gcgM4-JgN4Q,豆腐、柔軟指で掴んだらどうなる？#柔軟指 #ロボット #自動化 #製造業をもっと盛り上げたい,"Mar 31, 2026",15,111
2026-04-04,gcgM4-JgN4Q,豆腐、柔軟指で掴んだらどうなる？#柔軟指 #ロボット #自動化 #製造業をもっと盛り上げたい,"Mar 31, 2026",15,26
2026-04-05,gcgM4-JgN4Q,豆腐、柔軟指で掴んだらどうなる？#柔軟指 #ロボット #自動化 #製造業をもっと盛り上げたい,"Mar 31, 2026",15,1
2026-04-06,gcgM4-JgN4Q,豆腐、柔軟指で掴んだらどうなる？#柔軟指 #ロボット #自動化 #製造業をもっと盛り上げたい,"Mar 31, 2026",15,1
2026-04-07,gcgM4-JgN4Q,豆腐、柔軟指で掴んだらどうなる？#柔軟指 #ロボット #自動化 #製造業をもっと盛り上げたい,"Mar 31, 2026",15,0
2026-04-08,gcgM4-JgN4Q,豆腐、柔軟指で掴んだらどうなる？#柔軟指 #ロボット #自動化 #製造業をもっと盛り上げたい,"Mar 31, 2026",15,1
2026-04-09,gcgM4-JgN4Q,豆腐、柔軟指で掴んだらどうなる？#柔軟指 #ロボット #自動化 #製造業をもっと盛り上げたい,"Mar 31, 2026",15,0
2026-04-10,gcgM4-JgN4Q,豆腐、柔軟指で掴んだらどうなる？#柔軟指 #ロボット #自動化 #製造業をもっと盛り上げたい,"Mar 31, 2026",15,3
2026-04-11,gcgM4-JgN4Q,豆腐、柔軟指で掴んだらどうなる？#柔軟指 #ロボット #自動化 #製造業をもっと盛り上げたい,"Mar 31, 2026",15,0
2026-04-12,gcgM4-JgN4Q,豆腐、柔軟指で掴んだらどうなる？#柔軟指 #ロボット #自動化 #製造業をもっと盛り上げたい,"Mar 31, 2026",15,1
2026-04-13,gcgM4-JgN4Q,豆腐、柔軟指で掴んだらどうなる？#柔軟指 #ロボット #自動化 #製造業をもっと盛り上げたい,"Mar 31, 2026",15,0
2026-04-14,gcgM4-JgN4Q,豆腐、柔軟指で掴んだらどうなる？#柔軟指 #ロボット #自動化 #製造業をもっと盛り上げたい,"Mar 31, 2026",15,2
2026-04-15,gcgM4-JgN4Q,豆腐、柔軟指で掴んだらどうなる？#柔軟指 #ロボット #自動化 #製造業をもっと盛り上げたい,"Mar 31, 2026",15,0
2026-04-16,gcgM4-JgN4Q,豆腐、柔軟指で掴んだらどうなる？#柔軟指 #ロボット #自動化 #製造業をもっと盛り上げたい,"Mar 31, 2026",15,0
2026-04-17,gcgM4-JgN4Q,豆腐、柔軟指で掴んだらどうなる？#柔軟指 #ロボット #自動化 #製造業をもっと盛り上げたい,"Mar 31, 2026",15,0
2026-04-18,gcgM4-JgN4Q,豆腐、柔軟指で掴んだらどうなる？#柔軟指 #ロボット #自動化 #製造業をもっと盛り上げたい,"Mar 31, 2026",15,0
2026-04-19,gcgM4-JgN4Q,豆腐、柔軟指で掴んだらどうなる？#柔軟指 #ロボット #自動化 #製造業をもっと盛り上げたい,"Mar 31, 2026",15,0
2026-04-20,gcgM4-JgN4Q,豆腐、柔軟指で掴んだらどうなる？#柔軟指 #ロボット #自動化 #製造業をもっと盛り上げたい,"Mar 31, 2026",15,0
2026-04-21,gcgM4-JgN4Q,豆腐、柔軟指で掴んだらどうなる？#柔軟指 #ロボット #自動化 #製造業をもっと盛り上げたい,"Mar 31, 2026",15,0
2026-04-22,gcgM4-JgN4Q,豆腐、柔軟指で掴んだらどうなる？#柔軟指 #ロボット #自動化 #製造業をもっと盛り上げたい,"Mar 31, 2026",15,0
2026-04-23,gcgM4-JgN4Q,豆腐、柔軟指で掴んだらどうなる？#柔軟指 #ロボット #自動化 #製造業をもっと盛り上げたい,"Mar 31, 2026",15,0
2026-04-24,gcgM4-JgN4Q,豆腐、柔軟指で掴んだらどうなる？#柔軟指 #ロボット #自動化 #製造業をもっと盛り上げたい,"Mar 31, 2026",15,0
2026-04-25,gcgM4-JgN4Q,豆腐、柔軟指で掴んだらどうなる？#柔軟指 #ロボット #自動化 #製造業をもっと盛り上げたい,"Mar 31, 2026",15,0
2026-04-26,gcgM4-JgN4Q,豆腐、柔軟指で掴んだらどうなる？#柔軟指 #ロボット #自動化 #製造業をもっと盛り上げたい,"Mar 31, 2026",15,1
2026-04-27,gcgM4-JgN4Q,豆腐、柔軟指で掴んだらどうなる？#柔軟指 #ロボット #自動化 #製造業をもっと盛り上げたい,"Mar 31, 2026",15,0
2026-04-28,gcgM4-JgN4Q,豆腐、柔軟指で掴んだらどうなる？#柔軟指 #ロボット #自動化 #製造業をもっと盛り上げたい,"Mar 31, 2026",15,0
2026-04-29,gcgM4-JgN4Q,豆腐、柔軟指で掴んだらどうなる？#柔軟指 #ロボット #自動化 #製造業をもっと盛り上げたい,"Mar 31, 2026",15,2
2026-04-02,hHChsPZ28oY,形バラバラの容器4種、全部掴める？【柔軟指 vs 金属爪】#柔軟指 #ロボット,"Apr 15, 2026",27,0
2026-04-03,hHChsPZ28oY,形バラバラの容器4種、全部掴める？【柔軟指 vs 金属爪】#柔軟指 #ロボット,"Apr 15, 2026",27,0
2026-04-04,hHChsPZ28oY,形バラバラの容器4種、全部掴める？【柔軟指 vs 金属爪】#柔軟指 #ロボット,"Apr 15, 2026",27,0
2026-04-05,hHChsPZ28oY,形バラバラの容器4種、全部掴める？【柔軟指 vs 金属爪】#柔軟指 #ロボット,"Apr 15, 2026",27,0
2026-04-06,hHChsPZ28oY,形バラバラの容器4種、全部掴める？【柔軟指 vs 金属爪】#柔軟指 #ロボット,"Apr 15, 2026",27,0
2026-04-07,hHChsPZ28oY,形バラバラの容器4種、全部掴める？【柔軟指 vs 金属爪】#柔軟指 #ロボット,"Apr 15, 2026",27,0
2026-04-08,hHChsPZ28oY,形バラバラの容器4種、全部掴める？【柔軟指 vs 金属爪】#柔軟指 #ロボット,"Apr 15, 2026",27,0
2026-04-09,hHChsPZ28oY,形バラバラの容器4種、全部掴める？【柔軟指 vs 金属爪】#柔軟指 #ロボット,"Apr 15, 2026",27,0
2026-04-10,hHChsPZ28oY,形バラバラの容器4種、全部掴める？【柔軟指 vs 金属爪】#柔軟指 #ロボット,"Apr 15, 2026",27,0
2026-04-11,hHChsPZ28oY,形バラバラの容器4種、全部掴める？【柔軟指 vs 金属爪】#柔軟指 #ロボット,"Apr 15, 2026",27,0
2026-04-12,hHChsPZ28oY,形バラバラの容器4種、全部掴める？【柔軟指 vs 金属爪】#柔軟指 #ロボット,"Apr 15, 2026",27,0
2026-04-13,hHChsPZ28oY,形バラバラの容器4種、全部掴める？【柔軟指 vs 金属爪】#柔軟指 #ロボット,"Apr 15, 2026",27,0
2026-04-14,hHChsPZ28oY,形バラバラの容器4種、全部掴める？【柔軟指 vs 金属爪】#柔軟指 #ロボット,"Apr 15, 2026",27,0
2026-04-15,hHChsPZ28oY,形バラバラの容器4種、全部掴める？【柔軟指 vs 金属爪】#柔軟指 #ロボット,"Apr 15, 2026",27,1471
2026-04-16,hHChsPZ28oY,形バラバラの容器4種、全部掴める？【柔軟指 vs 金属爪】#柔軟指 #ロボット,"Apr 15, 2026",27,8
2026-04-17,hHChsPZ28oY,形バラバラの容器4種、全部掴める？【柔軟指 vs 金属爪】#柔軟指 #ロボット,"Apr 15, 2026",27,8
2026-04-18,hHChsPZ28oY,形バラバラの容器4種、全部掴める？【柔軟指 vs 金属爪】#柔軟指 #ロボット,"Apr 15, 2026",27,1
2026-04-19,hHChsPZ28oY,形バラバラの容器4種、全部掴める？【柔軟指 vs 金属爪】#柔軟指 #ロボット,"Apr 15, 2026",27,0
2026-04-20,hHChsPZ28oY,形バラバラの容器4種、全部掴める？【柔軟指 vs 金属爪】#柔軟指 #ロボット,"Apr 15, 2026",27,2
2026-04-21,hHChsPZ28oY,形バラバラの容器4種、全部掴める？【柔軟指 vs 金属爪】#柔軟指 #ロボット,"Apr 15, 2026",27,3
2026-04-22,hHChsPZ28oY,形バラバラの容器4種、全部掴める？【柔軟指 vs 金属爪】#柔軟指 #ロボット,"Apr 15, 2026",27,3
2026-04-23,hHChsPZ28oY,形バラバラの容器4種、全部掴める？【柔軟指 vs 金属爪】#柔軟指 #ロボット,"Apr 15, 2026",27,3
2026-04-24,hHChsPZ28oY,形バラバラの容器4種、全部掴める？【柔軟指 vs 金属爪】#柔軟指 #ロボット,"Apr 15, 2026",27,0
2026-04-25,hHChsPZ28oY,形バラバラの容器4種、全部掴める？【柔軟指 vs 金属爪】#柔軟指 #ロボット,"Apr 15, 2026",27,0
2026-04-26,hHChsPZ28oY,形バラバラの容器4種、全部掴める？【柔軟指 vs 金属爪】#柔軟指 #ロボット,"Apr 15, 2026",27,1
2026-04-27,hHChsPZ28oY,形バラバラの容器4種、全部掴める？【柔軟指 vs 金属爪】#柔軟指 #ロボット,"Apr 15, 2026",27,0
2026-04-28,hHChsPZ28oY,形バラバラの容器4種、全部掴める？【柔軟指 vs 金属爪】#柔軟指 #ロボット,"Apr 15, 2026",27,0
2026-04-29,hHChsPZ28oY,形バラバラの容器4種、全部掴める？【柔軟指 vs 金属爪】#柔軟指 #ロボット,"Apr 15, 2026",27,0
2026-04-02,oNrqMtJ_auQ,大量のネジ掴みチャレンジ！#柔軟指 #ロボット #自動化 #製造業をもっと盛り上げたい,"Apr 14, 2026",18,0
2026-04-03,oNrqMtJ_auQ,大量のネジ掴みチャレンジ！#柔軟指 #ロボット #自動化 #製造業をもっと盛り上げたい,"Apr 14, 2026",18,0
2026-04-04,oNrqMtJ_auQ,大量のネジ掴みチャレンジ！#柔軟指 #ロボット #自動化 #製造業をもっと盛り上げたい,"Apr 14, 2026",18,0
2026-04-05,oNrqMtJ_auQ,大量のネジ掴みチャレンジ！#柔軟指 #ロボット #自動化 #製造業をもっと盛り上げたい,"Apr 14, 2026",18,0
2026-04-06,oNrqMtJ_auQ,大量のネジ掴みチャレンジ！#柔軟指 #ロボット #自動化 #製造業をもっと盛り上げたい,"Apr 14, 2026",18,0
2026-04-07,oNrqMtJ_auQ,大量のネジ掴みチャレンジ！#柔軟指 #ロボット #自動化 #製造業をもっと盛り上げたい,"Apr 14, 2026",18,0
2026-04-08,oNrqMtJ_auQ,大量のネジ掴みチャレンジ！#柔軟指 #ロボット #自動化 #製造業をもっと盛り上げたい,"Apr 14, 2026",18,0
2026-04-09,oNrqMtJ_auQ,大量のネジ掴みチャレンジ！#柔軟指 #ロボット #自動化 #製造業をもっと盛り上げたい,"Apr 14, 2026",18,0
2026-04-10,oNrqMtJ_auQ,大量のネジ掴みチャレンジ！#柔軟指 #ロボット #自動化 #製造業をもっと盛り上げたい,"Apr 14, 2026",18,0
2026-04-11,oNrqMtJ_auQ,大量のネジ掴みチャレンジ！#柔軟指 #ロボット #自動化 #製造業をもっと盛り上げたい,"Apr 14, 2026",18,0
2026-04-12,oNrqMtJ_auQ,大量のネジ掴みチャレンジ！#柔軟指 #ロボット #自動化 #製造業をもっと盛り上げたい,"Apr 14, 2026",18,0
2026-04-13,oNrqMtJ_auQ,大量のネジ掴みチャレンジ！#柔軟指 #ロボット #自動化 #製造業をもっと盛り上げたい,"Apr 14, 2026",18,0
2026-04-14,oNrqMtJ_auQ,大量のネジ掴みチャレンジ！#柔軟指 #ロボット #自動化 #製造業をもっと盛り上げたい,"Apr 14, 2026",18,1077
2026-04-15,oNrqMtJ_auQ,大量のネジ掴みチャレンジ！#柔軟指 #ロボット #自動化 #製造業をもっと盛り上げたい,"Apr 14, 2026",18,44
2026-04-16,oNrqMtJ_auQ,大量のネジ掴みチャレンジ！#柔軟指 #ロボット #自動化 #製造業をもっと盛り上げたい,"Apr 14, 2026",18,215
2026-04-17,oNrqMtJ_auQ,大量のネジ掴みチャレンジ！#柔軟指 #ロボット #自動化 #製造業をもっと盛り上げたい,"Apr 14, 2026",18,115
2026-04-18,oNrqMtJ_auQ,大量のネジ掴みチャレンジ！#柔軟指 #ロボット #自動化 #製造業をもっと盛り上げたい,"Apr 14, 2026",18,52
2026-04-19,oNrqMtJ_auQ,大量のネジ掴みチャレンジ！#柔軟指 #ロボット #自動化 #製造業をもっと盛り上げたい,"Apr 14, 2026",18,1
2026-04-20,oNrqMtJ_auQ,大量のネジ掴みチャレンジ！#柔軟指 #ロボット #自動化 #製造業をもっと盛り上げたい,"Apr 14, 2026",18,2
2026-04-21,oNrqMtJ_auQ,大量のネジ掴みチャレンジ！#柔軟指 #ロボット #自動化 #製造業をもっと盛り上げたい,"Apr 14, 2026",18,0
2026-04-22,oNrqMtJ_auQ,大量のネジ掴みチャレンジ！#柔軟指 #ロボット #自動化 #製造業をもっと盛り上げたい,"Apr 14, 2026",18,4
2026-04-23,oNrqMtJ_auQ,大量のネジ掴みチャレンジ！#柔軟指 #ロボット #自動化 #製造業をもっと盛り上げたい,"Apr 14, 2026",18,1
2026-04-24,oNrqMtJ_auQ,大量のネジ掴みチャレンジ！#柔軟指 #ロボット #自動化 #製造業をもっと盛り上げたい,"Apr 14, 2026",18,0
2026-04-25,oNrqMtJ_auQ,大量のネジ掴みチャレンジ！#柔軟指 #ロボット #自動化 #製造業をもっと盛り上げたい,"Apr 14, 2026",18,0
2026-04-26,oNrqMtJ_auQ,大量のネジ掴みチャレンジ！#柔軟指 #ロボット #自動化 #製造業をもっと盛り上げたい,"Apr 14, 2026",18,0
2026-04-27,oNrqMtJ_auQ,大量のネジ掴みチャレンジ！#柔軟指 #ロボット #自動化 #製造業をもっと盛り上げたい,"Apr 14, 2026",18,0
2026-04-28,oNrqMtJ_auQ,大量のネジ掴みチャレンジ！#柔軟指 #ロボット #自動化 #製造業をもっと盛り上げたい,"Apr 14, 2026",18,0
2026-04-29,oNrqMtJ_auQ,大量のネジ掴みチャレンジ！#柔軟指 #ロボット #自動化 #製造業をもっと盛り上げたい,"Apr 14, 2026",18,0
